epoch,phase,time_sec,train_total,train_l1,train_energy,train_content,train_cycle,train_ser,train_advG,train_D,train_prosody,train_grl,train_ser_online,valid_frame_ratio,val_total,val_l1,val_energy,val_content,val_cycle,val_ser,val_adv,val_ser_acc,w_lambda_l1,w_lambda_content,w_lambda_cycle,w_lambda_energy,w_lambda_ser,w_lambda_adv,w_lambda_prosody,w_lambda_grl
1,PHASE 1 — reconstruction,136.8464457988739,4.327557,0.207065,0.093124,0.0,0.0,0.0,0.0,0.0,0.0,0.0,0.0,0.683425,2.756468,0.134117,0.037065,0.0,0.0,0.0,0.0,0.0,20.0,0.0,0.0,2.0,0.0,0.0,0.0,0.0
2,PHASE 1 — reconstruction,38.313687801361084,2.815121,0.136389,0.043674,0.0,0.0,0.0,0.0,0.0,0.0,0.0,0.0,0.687385,2.421213,0.117349,0.037116,0.0,0.0,0.0,0.0,0.0,20.0,0.0,0.0,2.0,0.0,0.0,0.0,0.0
3,PHASE 1 — reconstruction,28.697838306427002,2.518843,0.122127,0.03815,0.0,0.0,0.0,0.0,0.0,0.0,0.0,0.0,0.68582,2.153702,0.104883,0.028019,0.0,0.0,0.0,0.0,0.0,20.0,0.0,0.0,2.0,0.0,0.0,0.0,0.0
4,PHASE 1 — reconstruction,25.257969856262207,2.351241,0.11406,0.035023,0.0,0.0,0.0,0.0,0.0,0.0,0.0,0.0,0.684375,2.081768,0.101288,0.028001,0.0,0.0,0.0,0.0,0.0,20.0,0.0,0.0,2.0,0.0,0.0,0.0,0.0
5,PHASE 1 — reconstruction,23.160094499588013,2.238195,0.108602,0.033077,0.0,0.0,0.0,0.0,0.0,0.0,0.0,0.0,0.683318,1.935119,0.094613,0.021432,0.0,0.0,0.0,0.0,0.0,20.0,0.0,0.0,2.0,0.0,0.0,0.0,0.0
6,PHASE 1 — reconstruction,21.391396522521973,2.158236,0.104733,0.031791,0.0,0.0,0.0,0.0,0.0,0.0,0.0,0.0,0.679804,1.868501,0.09135,0.020755,0.0,0.0,0.0,0.0,0.0,20.0,0.0,0.0,2.0,0.0,0.0,0.0,0.0
7,PHASE 1 — reconstruction,23.60371708869934,2.09922,0.10185,0.031107,0.0,0.0,0.0,0.0,0.0,0.0,0.0,0.0,0.683646,1.812378,0.088603,0.020154,0.0,0.0,0.0,0.0,0.0,20.0,0.0,0.0,2.0,0.0,0.0,0.0,0.0
8,PHASE 1 — reconstruction,23.23538064956665,2.04844,0.099389,0.030329,0.0,0.0,0.0,0.0,0.0,0.0,0.0,0.0,0.684545,1.785387,0.087116,0.021532,0.0,0.0,0.0,0.0,0.0,20.0,0.0,0.0,2.0,0.0,0.0,0.0,0.0
9,PHASE 1 — reconstruction,23.29870295524597,2.003005,0.097213,0.029373,0.0,0.0,0.0,0.0,0.0,0.0,0.0,0.0,0.686419,1.755809,0.085942,0.018484,0.0,0.0,0.0,0.0,0.0,20.0,0.0,0.0,2.0,0.0,0.0,0.0,0.0
10,PHASE 1 — reconstruction,26.021296501159668,1.96803,0.095516,0.028853,0.0,0.0,0.0,0.0,0.0,0.0,0.0,0.0,0.685326,1.701318,0.083279,0.017871,0.0,0.0,0.0,0.0,0.0,20.0,0.0,0.0,2.0,0.0,0.0,0.0,0.0
11,PHASE 1 — reconstruction,23.096213579177856,1.934815,0.093917,0.02824,0.0,0.0,0.0,0.0,0.0,0.0,0.0,0.0,0.686181,1.711876,0.083584,0.020101,0.0,0.0,0.0,0.0,0.0,20.0,0.0,0.0,2.0,0.0,0.0,0.0,0.0
12,PHASE 1 — reconstruction,23.61714816093445,1.903967,0.092449,0.027493,0.0,0.0,0.0,0.0,0.0,0.0,0.0,0.0,0.682523,1.66011,0.081042,0.019634,0.0,0.0,0.0,0.0,0.0,20.0,0.0,0.0,2.0,0.0,0.0,0.0,0.0
13,PHASE 1 — reconstruction,21.4938702583313,1.876325,0.091118,0.026979,0.0,0.0,0.0,0.0,0.0,0.0,0.0,0.0,0.685354,1.658275,0.08072,0.021941,0.0,0.0,0.0,0.0,0.0,20.0,0.0,0.0,2.0,0.0,0.0,0.0,0.0
14,PHASE 1 — reconstruction,21.908712148666382,1.855399,0.090106,0.02664,0.0,0.0,0.0,0.0,0.0,0.0,0.0,0.0,0.683165,1.65231,0.080349,0.022668,0.0,0.0,0.0,0.0,0.0,20.0,0.0,0.0,2.0,0.0,0.0,0.0,0.0
15,PHASE 1 — reconstruction,23.392917156219482,1.838384,0.089255,0.026638,0.0,0.0,0.0,0.0,0.0,0.0,0.0,0.0,0.690721,1.603381,0.078462,0.017066,0.0,0.0,0.0,0.0,0.0,20.0,0.0,0.0,2.0,0.0,0.0,0.0,0.0
16,PHASE 1 — reconstruction,23.05701494216919,1.819772,0.088361,0.026275,0.0,0.0,0.0,0.0,0.0,0.0,0.0,0.0,0.688643,1.575851,0.076947,0.01846,0.0,0.0,0.0,0.0,0.0,20.0,0.0,0.0,2.0,0.0,0.0,0.0,0.0
17,PHASE 1 — reconstruction,23.773887872695923,1.79803,0.087337,0.025646,0.0,0.0,0.0,0.0,0.0,0.0,0.0,0.0,0.684337,1.561258,0.076215,0.018479,0.0,0.0,0.0,0.0,0.0,20.0,0.0,0.0,2.0,0.0,0.0,0.0,0.0
18,PHASE 1 — reconstruction,23.85304093360901,1.783583,0.086632,0.025475,0.0,0.0,0.0,0.0,0.0,0.0,0.0,0.0,0.681791,1.553231,0.075845,0.01817,0.0,0.0,0.0,0.0,0.0,20.0,0.0,0.0,2.0,0.0,0.0,0.0,0.0
19,PHASE 1 — reconstruction,21.02469539642334,1.769223,0.085949,0.025118,0.0,0.0,0.0,0.0,0.0,0.0,0.0,0.0,0.682324,1.530261,0.074984,0.015292,0.0,0.0,0.0,0.0,0.0,20.0,0.0,0.0,2.0,0.0,0.0,0.0,0.0
20,PHASE 1 — reconstruction,21.629974603652954,1.753518,0.0852,0.024762,0.0,0.0,0.0,0.0,0.0,0.0,0.0,0.0,0.681337,1.520036,0.074412,0.015894,0.0,0.0,0.0,0.0,0.0,20.0,0.0,0.0,2.0,0.0,0.0,0.0,0.0
21,PHASE 1 — reconstruction,21.77550172805786,1.742175,0.084656,0.024528,0.0,0.0,0.0,0.0,0.0,0.0,0.0,0.0,0.683296,1.51245,0.073984,0.016386,0.0,0.0,0.0,0.0,0.0,20.0,0.0,0.0,2.0,0.0,0.0,0.0,0.0
22,PHASE 1 — reconstruction,22.281607627868652,1.731547,0.084142,0.024352,0.0,0.0,0.0,0.0,0.0,0.0,0.0,0.0,0.683457,1.504369,0.073427,0.017917,0.0,0.0,0.0,0.0,0.0,20.0,0.0,0.0,2.0,0.0,0.0,0.0,0.0
23,PHASE 1 — reconstruction,24.258668422698975,1.7186,0.083532,0.023984,0.0,0.0,0.0,0.0,0.0,0.0,0.0,0.0,0.680315,1.539972,0.074804,0.021948,0.0,0.0,0.0,0.0,0.0,20.0,0.0,0.0,2.0,0.0,0.0,0.0,0.0
24,PHASE 1 — reconstruction,24.000128269195557,1.710092,0.083103,0.024015,0.0,0.0,0.0,0.0,0.0,0.0,0.0,0.0,0.680599,1.480969,0.072348,0.017,0.0,0.0,0.0,0.0,0.0,20.0,0.0,0.0,2.0,0.0,0.0,0.0,0.0
25,PHASE 1 — reconstruction,23.675795793533325,1.704184,0.082819,0.023906,0.0,0.0,0.0,0.0,0.0,0.0,0.0,0.0,0.687275,1.466568,0.071772,0.015561,0.0,0.0,0.0,0.0,0.0,20.0,0.0,0.0,2.0,0.0,0.0,0.0,0.0
26,PHASE 1 — reconstruction,21.335878133773804,1.690778,0.082184,0.023552,0.0,0.0,0.0,0.0,0.0,0.0,0.0,0.0,0.685503,1.471199,0.071694,0.018662,0.0,0.0,0.0,0.0,0.0,20.0,0.0,0.0,2.0,0.0,0.0,0.0,0.0
27,PHASE 1 — reconstruction,22.475401163101196,1.69066,0.08214,0.023932,0.0,0.0,0.0,0.0,0.0,0.0,0.0,0.0,0.689977,1.474014,0.072,0.017003,0.0,0.0,0.0,0.0,0.0,20.0,0.0,0.0,2.0,0.0,0.0,0.0,0.0
28,PHASE 1 — reconstruction,22.4213924407959,1.677347,0.081536,0.023318,0.0,0.0,0.0,0.0,0.0,0.0,0.0,0.0,0.686303,1.447582,0.070879,0.015005,0.0,0.0,0.0,0.0,0.0,20.0,0.0,0.0,2.0,0.0,0.0,0.0,0.0
29,PHASE 1 — reconstruction,21.79919719696045,1.670563,0.081202,0.023265,0.0,0.0,0.0,0.0,0.0,0.0,0.0,0.0,0.686522,1.453466,0.070814,0.018592,0.0,0.0,0.0,0.0,0.0,20.0,0.0,0.0,2.0,0.0,0.0,0.0,0.0
30,PHASE 1 — reconstruction,22.90464758872986,1.659555,0.080688,0.022897,0.0,0.0,0.0,0.0,0.0,0.0,0.0,0.0,0.682126,1.414913,0.069193,0.015525,0.0,0.0,0.0,0.0,0.0,20.0,0.0,0.0,2.0,0.0,0.0,0.0,0.0
31,PHASE 1 — reconstruction,23.257791757583618,1.653965,0.080414,0.022843,0.0,0.0,0.0,0.0,0.0,0.0,0.0,0.0,0.688393,1.424503,0.069705,0.015197,0.0,0.0,0.0,0.0,0.0,20.0,0.0,0.0,2.0,0.0,0.0,0.0,0.0
32,PHASE 1 — reconstruction,24.290865182876587,1.648851,0.080163,0.022796,0.0,0.0,0.0,0.0,0.0,0.0,0.0,0.0,0.685537,1.422855,0.069792,0.013512,0.0,0.0,0.0,0.0,0.0,20.0,0.0,0.0,2.0,0.0,0.0,0.0,0.0
33,PHASE 1 — reconstruction,24.860305786132812,1.641881,0.079843,0.022506,0.0,0.0,0.0,0.0,0.0,0.0,0.0,0.0,0.687292,1.422004,0.069563,0.015375,0.0,0.0,0.0,0.0,0.0,20.0,0.0,0.0,2.0,0.0,0.0,0.0,0.0
34,PHASE 1 — reconstruction,22.79834747314453,1.635701,0.079536,0.022494,0.0,0.0,0.0,0.0,0.0,0.0,0.0,0.0,0.684941,1.399647,0.068566,0.014159,0.0,0.0,0.0,0.0,0.0,20.0,0.0,0.0,2.0,0.0,0.0,0.0,0.0
35,PHASE 1 — reconstruction,21.915172576904297,1.626347,0.079107,0.022102,0.0,0.0,0.0,0.0,0.0,0.0,0.0,0.0,0.678276,1.3937,0.068292,0.013935,0.0,0.0,0.0,0.0,0.0,20.0,0.0,0.0,2.0,0.0,0.0,0.0,0.0
36,PHASE 1 — reconstruction,24.20198369026184,1.622484,0.078904,0.022205,0.0,0.0,0.0,0.0,0.0,0.0,0.0,0.0,0.684271,1.387721,0.067997,0.013891,0.0,0.0,0.0,0.0,0.0,20.0,0.0,0.0,2.0,0.0,0.0,0.0,0.0
37,PHASE 1 — reconstruction,27.366445779800415,1.618291,0.0787,0.022149,0.0,0.0,0.0,0.0,0.0,0.0,0.0,0.0,0.682444,1.387615,0.067929,0.014513,0.0,0.0,0.0,0.0,0.0,20.0,0.0,0.0,2.0,0.0,0.0,0.0,0.0
38,PHASE 1 — reconstruction,26.828091382980347,1.615096,0.078545,0.022095,0.0,0.0,0.0,0.0,0.0,0.0,0.0,0.0,0.687536,1.377817,0.067441,0.014497,0.0,0.0,0.0,0.0,0.0,20.0,0.0,0.0,2.0,0.0,0.0,0.0,0.0
39,PHASE 1 — reconstruction,27.95063614845276,1.607074,0.078178,0.021756,0.0,0.0,0.0,0.0,0.0,0.0,0.0,0.0,0.683881,1.372667,0.067177,0.014561,0.0,0.0,0.0,0.0,0.0,20.0,0.0,0.0,2.0,0.0,0.0,0.0,0.0
40,PHASE 1 — reconstruction,28.04157853126526,1.603727,0.07801,0.02176,0.0,0.0,0.0,0.0,0.0,0.0,0.0,0.0,0.687791,1.361764,0.066723,0.013648,0.0,0.0,0.0,0.0,0.0,20.0,0.0,0.0,2.0,0.0,0.0,0.0,0.0
41,PHASE 1 — reconstruction,23.89462971687317,1.600982,0.077865,0.021841,0.0,0.0,0.0,0.0,0.0,0.0,0.0,0.0,0.688964,1.355776,0.066472,0.013164,0.0,0.0,0.0,0.0,0.0,20.0,0.0,0.0,2.0,0.0,0.0,0.0,0.0
42,PHASE 1 — reconstruction,24.19593572616577,1.594105,0.077543,0.021622,0.0,0.0,0.0,0.0,0.0,0.0,0.0,0.0,0.685904,1.359581,0.066728,0.012513,0.0,0.0,0.0,0.0,0.0,20.0,0.0,0.0,2.0,0.0,0.0,0.0,0.0
43,PHASE 1 — reconstruction,24.888999223709106,1.590322,0.077362,0.021544,0.0,0.0,0.0,0.0,0.0,0.0,0.0,0.0,0.684333,1.378449,0.06745,0.014729,0.0,0.0,0.0,0.0,0.0,20.0,0.0,0.0,2.0,0.0,0.0,0.0,0.0
44,PHASE 1 — reconstruction,25.292059421539307,1.58549,0.077125,0.021492,0.0,0.0,0.0,0.0,0.0,0.0,0.0,0.0,0.683926,1.340972,0.065837,0.012112,0.0,0.0,0.0,0.0,0.0,20.0,0.0,0.0,2.0,0.0,0.0,0.0,0.0
45,PHASE 1 — reconstruction,25.815505504608154,1.581587,0.076947,0.02132,0.0,0.0,0.0,0.0,0.0,0.0,0.0,0.0,0.683291,1.3441,0.065858,0.013474,0.0,0.0,0.0,0.0,0.0,20.0,0.0,0.0,2.0,0.0,0.0,0.0,0.0
46,PHASE 1 — reconstruction,25.839256048202515,1.578321,0.076784,0.021316,0.0,0.0,0.0,0.0,0.0,0.0,0.0,0.0,0.685113,1.340913,0.065858,0.011875,0.0,0.0,0.0,0.0,0.0,20.0,0.0,0.0,2.0,0.0,0.0,0.0,0.0
47,PHASE 1 — reconstruction,26.73451042175293,1.57599,0.076664,0.021358,0.0,0.0,0.0,0.0,0.0,0.0,0.0,0.0,0.689579,1.340278,0.065513,0.015012,0.0,0.0,0.0,0.0,0.0,20.0,0.0,0.0,2.0,0.0,0.0,0.0,0.0
48,PHASE 1 — reconstruction,24.800445079803467,1.571703,0.07647,0.021151,0.0,0.0,0.0,0.0,0.0,0.0,0.0,0.0,0.686929,1.369637,0.066845,0.016364,0.0,0.0,0.0,0.0,0.0,20.0,0.0,0.0,2.0,0.0,0.0,0.0,0.0
49,PHASE 1 — reconstruction,24.343339681625366,1.567244,0.076269,0.02093,0.0,0.0,0.0,0.0,0.0,0.0,0.0,0.0,0.685517,1.368119,0.066567,0.018385,0.0,0.0,0.0,0.0,0.0,20.0,0.0,0.0,2.0,0.0,0.0,0.0,0.0
50,PHASE 1 — reconstruction,25.27438998222351,1.564806,0.076131,0.021089,0.0,0.0,0.0,0.0,0.0,0.0,0.0,0.0,0.682943,1.331296,0.065411,0.01154,0.0,0.0,0.0,0.0,0.0,20.0,0.0,0.0,2.0,0.0,0.0,0.0,0.0
51,PHASE 2 — emotion injection (v2 fix),168.0073561668396,8.104175,0.247164,0.154249,0.20233,0.143297,1.310686,0.397611,0.233635,0.911666,0.530956,1.533953,0.686341,2.940506,0.249976,0.162636,0.165291,0.14041,0.18623,0.410437,0.983333,3.996923076923077,6.0,2.0,2.0,1.5115384615384615,0.15115384615384614,3.0,1.0
52,PHASE 2 — emotion injection (v2 fix),52.975815296173096,5.515509,0.250463,0.159152,0.186685,0.127801,0.062267,0.473516,0.158467,0.87725,0.022475,0.411099,0.680061,2.405665,0.24528,0.15193,0.136966,0.099174,0.021508,0.454934,1.0,3.993846153846154,6.0,2.0,2.0,1.523076923076923,0.1523076923076923,3.0,1.0
53,PHASE 2 — emotion injection (v2 fix),41.741493463516235,5.302353,0.24701,0.154569,0.175331,0.108165,0.022524,0.498088,0.155836,0.875963,0.000244,0.326414,0.685318,2.435374,0.249056,0.158717,0.139774,0.093488,0.010761,0.533528,1.0,3.9907692307692306,6.0,2.0,2.0,1.5346153846153847,0.15346153846153845,3.0,1.0
54,PHASE 2 — emotion injection (v2 fix),30.487899780273438,5.249666,0.244293,0.151644,0.17047,0.103659,0.013672,0.520584,0.147464,0.880148,2e-06,0.270867,0.686098,2.352222,0.244024,0.150733,0.132953,0.091086,0.011239,0.519964,1.0,3.9876923076923076,6.0,2.0,2.0,1.5461538461538462,0.1546153846153846,3.0,1.0
55,PHASE 2 — emotion injection (v2 fix),28.444824934005737,5.221344,0.242106,0.149046,0.166368,0.101158,0.011726,0.54687,0.137193,0.884858,0.0,0.283238,0.683147,2.284996,0.240673,0.147529,0.125823,0.087345,0.006523,0.585223,1.0,3.9846153846153847,6.0,2.0,2.0,1.5576923076923077,0.15576923076923077,3.0,1.0
56,PHASE 2 — emotion injection (v2 fix),30.62884283065796,5.1996,0.240698,0.14768,0.163684,0.100443,0.008488,0.554265,0.137422,0.887535,0.0,0.251081,0.684998,2.250998,0.237939,0.142986,0.123479,0.089544,0.004087,0.581724,1.0,3.9815384615384617,6.0,2.0,2.0,1.5692307692307692,0.15692307692307692,3.0,1.0
57,PHASE 2 — emotion injection (v2 fix),35.0038845539093,5.185325,0.239518,0.14638,0.161731,0.099895,0.006853,0.561537,0.134354,0.889958,0.0,0.206987,0.688384,2.275565,0.241712,0.151944,0.124621,0.08811,0.006721,0.477377,1.0,3.9784615384615383,6.0,2.0,2.0,1.5807692307692307,0.15807692307692306,3.0,1.0
58,PHASE 2 — emotion injection (v2 fix),31.77405548095703,5.179855,0.239241,0.145937,0.160996,0.099688,0.008254,0.575418,0.129242,0.888929,0.0,0.218883,0.683179,2.239864,0.23849,0.147491,0.120985,0.086369,0.006796,0.548379,1.0,3.9753846153846153,6.0,2.0,2.0,1.5923076923076924,0.15923076923076923,3.0,1.0
59,PHASE 2 — emotion injection (v2 fix),29.4802405834198,5.172226,0.238798,0.145356,0.159821,0.099322,0.008784,0.58478,0.12891,0.889162,0.0,0.195731,0.68936,2.346836,0.241359,0.152157,0.129558,0.090219,0.00598,0.72573,1.0,3.9723076923076923,6.0,2.0,2.0,1.603846153846154,0.16038461538461538,3.0,1.0
60,PHASE 2 — emotion injection (v2 fix),26.531588792800903,5.162166,0.238084,0.144474,0.159306,0.098809,0.006747,0.588285,0.125932,0.889608,0.0,0.163063,0.682873,2.281161,0.239429,0.149682,0.123971,0.087177,0.004918,0.652018,1.0,3.9692307692307693,6.0,2.0,2.0,1.6153846153846154,0.16153846153846152,3.0,1.0
61,PHASE 2 — emotion injection (v2 fix),26.091211795806885,5.167838,0.238082,0.144351,0.15917,0.099162,0.011228,0.596607,0.12311,0.88873,0.0,0.14706,0.686381,2.30213,0.240906,0.149139,0.123599,0.088102,0.025946,0.54318,1.0,3.9661538461538464,6.0,2.0,2.0,1.626923076923077,0.1626923076923077,3.0,1.0
62,PHASE 2 — emotion injection (v2 fix),27.67616057395935,5.150725,0.237783,0.143982,0.15829,0.098426,0.006302,0.599209,0.122258,0.888437,0.0,0.122699,0.686875,2.305672,0.242062,0.154446,0.123518,0.088129,0.010344,0.629565,1.0,3.963076923076923,6.0,2.0,2.0,1.6384615384615384,0.16384615384615384,3.0,1.0
63,PHASE 2 — emotion injection (v2 fix),26.222551107406616,5.155937,0.237638,0.143584,0.158664,0.098803,0.008578,0.601836,0.118644,0.888225,0.0,0.142262,0.683794,2.250495,0.235642,0.14146,0.120103,0.087394,0.006042,0.782172,1.0,3.96,6.0,2.0,2.0,1.65,0.16499999999999998,3.0,1.0
64,PHASE 2 — emotion injection (v2 fix),28.598137855529785,5.147992,0.237048,0.142742,0.157475,0.09833,0.007639,0.605282,0.120199,0.889919,0.0,0.124743,0.690704,2.280907,0.238973,0.147022,0.120715,0.086639,0.009257,0.772273,1.0,3.956923076923077,6.0,2.0,2.0,1.6615384615384616,0.16615384615384615,3.0,1.0
65,PHASE 2 — emotion injection (v2 fix),29.734983921051025,5.151912,0.237555,0.143195,0.158063,0.098383,0.009134,0.614261,0.120401,0.887692,0.0,0.126574,0.687624,2.283683,0.239766,0.149912,0.122305,0.088341,0.011508,0.634147,1.0,3.953846153846154,6.0,2.0,2.0,1.6730769230769231,0.1673076923076923,3.0,1.0
66,PHASE 2 — emotion injection (v2 fix),25.74614429473877,5.148311,0.237247,0.142483,0.157889,0.0985,0.008889,0.611738,0.119855,0.887892,0.0,0.107831,0.691942,2.324429,0.244714,0.154869,0.125215,0.089786,0.005414,0.640528,1.0,3.9507692307692306,6.0,2.0,2.0,1.6846153846153846,0.16846153846153847,3.0,1.0
67,PHASE 2 — emotion injection (v2 fix),22.712483406066895,5.148468,0.237098,0.142201,0.158515,0.098241,0.00812,0.606013,0.12154,0.887981,0.0,0.100431,0.685565,2.265157,0.238163,0.142293,0.126355,0.092802,0.009104,0.478757,1.0,3.9476923076923076,6.0,2.0,2.0,1.6961538461538461,0.1696153846153846,3.0,1.0
68,PHASE 2 — emotion injection (v2 fix),22.82882070541382,5.160078,0.236942,0.141721,0.159242,0.098393,0.013533,0.612877,0.119848,0.887327,0.0,0.094013,0.682765,2.271376,0.241395,0.150094,0.122366,0.0859,0.011604,0.545543,1.0,3.9446153846153846,6.0,2.0,2.0,1.7076923076923076,0.17076923076923076,3.0,1.0
69,PHASE 2 — emotion injection (v2 fix),23.935060262680054,5.158542,0.236573,0.141307,0.158637,0.098315,0.01351,0.602388,0.123255,0.889407,0.0,0.103926,0.686929,2.313257,0.241931,0.15148,0.125153,0.087971,0.010515,0.650173,1.0,3.9415384615384617,6.0,2.0,2.0,1.7192307692307693,0.17192307692307693,3.0,1.0
70,PHASE 2 — emotion injection (v2 fix),25.61969757080078,5.141137,0.236296,0.140942,0.158268,0.097636,0.008011,0.601677,0.126828,0.888576,0.0,0.10566,0.686122,2.279365,0.237095,0.142254,0.12123,0.085096,0.011582,0.828811,1.0,3.9384615384615387,6.0,2.0,2.0,1.7307692307692308,0.17307692307692307,3.0,1.0
71,PHASE 2 — emotion injection (v2 fix),25.979819774627686,5.146837,0.236481,0.140477,0.158798,0.097874,0.009609,0.60308,0.129174,0.888294,0.0,0.088791,0.685238,2.278353,0.241702,0.15057,0.126517,0.086932,0.008732,0.446775,1.0,3.9353846153846153,6.0,2.0,2.0,1.7423076923076923,0.17423076923076922,3.0,1.0
72,PHASE 2 — emotion injection (v2 fix),21.72204041481018,5.143442,0.236754,0.140799,0.158995,0.097835,0.010127,0.586997,0.12843,0.886834,0.0,0.073506,0.684431,2.257436,0.238186,0.14464,0.1229,0.085602,0.007881,0.622124,1.0,3.9323076923076923,6.0,2.0,2.0,1.7538461538461538,0.1753846153846154,3.0,1.0
73,PHASE 2 — emotion injection (v2 fix),23.265305042266846,5.142648,0.236021,0.139653,0.159,0.097638,0.009118,0.596202,0.129687,0.888445,0.0,0.080797,0.681513,2.291487,0.240865,0.149117,0.124436,0.086148,0.009759,0.627057,1.0,3.9292307692307693,6.0,2.0,2.0,1.7653846153846153,0.17653846153846153,3.0,1.0
74,PHASE 2 — emotion injection (v2 fix),22.90587067604065,5.146236,0.236487,0.139936,0.159296,0.097309,0.01088,0.590795,0.131312,0.887724,0.0,0.065178,0.679027,2.260649,0.241372,0.148257,0.120824,0.084919,0.016173,0.523095,1.0,3.9261538461538463,6.0,2.0,2.0,1.7769230769230768,0.17769230769230768,3.0,1.0
75,PHASE 2 — emotion injection (v2 fix),33.19197726249695,5.133581,0.236133,0.139378,0.158477,0.097434,0.007511,0.583422,0.134833,0.888317,0.0,0.070686,0.686393,2.166119,0.233805,0.135743,0.117921,0.085438,0.012284,0.430671,1.0,3.923076923076923,6.0,2.0,2.0,1.7884615384615385,0.17884615384615385,3.0,1.0
76,PHASE 2 — emotion injection (v2 fix),25.194551706314087,5.135618,0.236181,0.139084,0.158279,0.097248,0.008231,0.581959,0.133302,0.889294,0.0,0.076335,0.684946,2.311024,0.237413,0.142766,0.124184,0.085212,0.01117,0.884427,1.0,3.92,6.0,2.0,2.0,1.8,0.18,3.0,1.0
77,PHASE 2 — emotion injection (v2 fix),23.30614399909973,5.140534,0.23618,0.13898,0.158692,0.097076,0.01288,0.574365,0.134017,0.887929,0.0,0.053702,0.679817,2.381135,0.244766,0.151021,0.13135,0.090248,0.006707,0.770703,1.0,3.916923076923077,6.0,2.0,2.0,1.8115384615384615,0.18115384615384614,3.0,1.0
78,PHASE 2 — emotion injection (v2 fix),22.479247570037842,5.126789,0.236121,0.138778,0.158011,0.096862,0.006931,0.583175,0.134988,0.888116,0.0,0.069112,0.683241,2.307932,0.239926,0.146393,0.126265,0.089181,0.011037,0.658435,1.0,3.913846153846154,6.0,2.0,2.0,1.823076923076923,0.1823076923076923,3.0,1.0
79,PHASE 2 — emotion injection (v2 fix),23.059525728225708,5.13806,0.23572,0.137794,0.158296,0.097087,0.010796,0.580992,0.134953,0.890093,0.0,0.078683,0.682482,2.259927,0.237809,0.143569,0.123201,0.085354,0.007804,0.646129,1.0,3.910769230769231,6.0,2.0,2.0,1.8346153846153848,0.18346153846153845,3.0,1.0
80,PHASE 2 — emotion injection (v2 fix),23.029955863952637,5.125266,0.235898,0.138099,0.158045,0.096867,0.007517,0.573642,0.134687,0.888489,0.0,0.068057,0.684945,2.265748,0.239178,0.145389,0.125139,0.085288,0.008407,0.560091,1.0,3.9076923076923076,6.0,2.0,2.0,1.8461538461538463,0.18461538461538463,3.0,1.0
81,PHASE 2 — emotion injection (v2 fix),24.901226043701172,5.126623,0.235729,0.137462,0.157421,0.09687,0.00782,0.56955,0.13483,0.890891,0.0,0.067168,0.689665,2.213609,0.238107,0.142449,0.120393,0.084767,0.009582,0.48074,1.0,3.9046153846153846,6.0,2.0,2.0,1.8576923076923078,0.18576923076923077,3.0,1.0
82,PHASE 2 — emotion injection (v2 fix),28.344653367996216,5.121407,0.235421,0.136897,0.156907,0.096593,0.007804,0.577589,0.137012,0.890644,0.0,0.045684,0.689789,2.299196,0.241893,0.147816,0.124453,0.08528,0.010253,0.659971,1.0,3.9015384615384616,6.0,2.0,2.0,1.8692307692307693,0.18692307692307691,3.0,1.0
83,PHASE 2 — emotion injection (v2 fix),23.82682728767395,5.142009,0.235669,0.137127,0.158596,0.097156,0.012734,0.587155,0.132794,0.88958,0.0,0.056171,0.682572,2.267763,0.239836,0.144643,0.12175,0.084061,0.007537,0.694861,1.0,3.8984615384615386,6.0,2.0,2.0,1.8807692307692307,0.18807692307692306,3.0,1.0
84,PHASE 2 — emotion injection (v2 fix),23.38248896598816,5.118487,0.235242,0.136302,0.157106,0.096265,0.006084,0.579429,0.13002,0.891066,0.0,0.054296,0.683469,2.293615,0.239227,0.143484,0.123006,0.084767,0.009752,0.786031,1.0,3.8953846153846152,6.0,2.0,2.0,1.8923076923076922,0.18923076923076923,3.0,1.0
85,PHASE 2 — emotion injection (v2 fix),22.501526594161987,5.121797,0.235046,0.13594,0.157479,0.096411,0.007655,0.58439,0.133314,0.890505,0.0,0.051462,0.684292,2.304053,0.24027,0.147011,0.122126,0.084842,0.007515,0.830318,1.0,3.8923076923076922,6.0,2.0,2.0,1.9038461538461537,0.19038461538461537,3.0,1.0
86,PHASE 2 — emotion injection (v2 fix),23.012526035308838,5.115364,0.234849,0.135617,0.156829,0.095833,0.005798,0.586017,0.132263,0.891587,0.0,0.045908,0.680515,2.240027,0.236546,0.137741,0.119258,0.083981,0.008858,0.75226,1.0,3.8892307692307693,6.0,2.0,2.0,1.9153846153846155,0.19153846153846155,3.0,1.0
87,PHASE 2 — emotion injection (v2 fix),24.390164136886597,5.120559,0.23487,0.135189,0.157145,0.09603,0.007207,0.577596,0.13292,0.89244,0.0,0.063669,0.681056,2.229688,0.23952,0.14537,0.122678,0.085119,0.007457,0.453901,1.0,3.8861538461538463,6.0,2.0,2.0,1.926923076923077,0.1926923076923077,3.0,1.0
88,PHASE 2 — emotion injection (v2 fix),24.269566535949707,5.115003,0.234614,0.134994,0.156727,0.09611,0.006279,0.578019,0.13204,0.892397,0.0,0.049727,0.685269,2.213476,0.23748,0.143387,0.121507,0.083364,0.007394,0.487229,1.0,3.8830769230769233,6.0,2.0,2.0,1.9384615384615385,0.19384615384615383,3.0,1.0
89,PHASE 2 — emotion injection (v2 fix),24.716626167297363,5.11702,0.234645,0.134917,0.156843,0.095903,0.007712,0.582383,0.131525,0.891766,0.0,0.042717,0.68511,2.257875,0.237608,0.140459,0.119834,0.084391,0.010274,0.754953,1.0,3.88,6.0,2.0,2.0,1.95,0.195,3.0,1.0
90,PHASE 2 — emotion injection (v2 fix),25.70095944404602,5.113785,0.234596,0.134737,0.156659,0.096198,0.007284,0.585164,0.132423,0.891125,0.0,0.038216,0.69051,2.215685,0.237474,0.140117,0.119764,0.083434,0.008375,0.575572,1.0,3.876923076923077,6.0,2.0,2.0,1.9615384615384617,0.19615384615384615,3.0,1.0
91,PHASE 2 — emotion injection (v2 fix),26.96645951271057,5.110748,0.234325,0.134361,0.156538,0.095633,0.005784,0.587248,0.129327,0.892171,0.0,0.032278,0.684615,2.23025,0.236223,0.138701,0.122186,0.083652,0.009573,0.600327,1.0,3.873846153846154,6.0,2.0,2.0,1.9730769230769232,0.1973076923076923,3.0,1.0
92,PHASE 2 — emotion injection (v2 fix),27.337714433670044,5.131063,0.234582,0.134486,0.157001,0.095947,0.014397,0.585896,0.13012,0.891777,0.0,0.038131,0.684259,2.279268,0.237253,0.13817,0.122792,0.087505,0.016111,0.709646,1.0,3.870769230769231,6.0,2.0,2.0,1.9846153846153847,0.19846153846153847,3.0,1.0
93,PHASE 2 — emotion injection (v2 fix),26.102067470550537,5.109741,0.234077,0.133741,0.156704,0.095543,0.005384,0.587377,0.130982,0.892538,0.0,0.044582,0.682747,2.236747,0.236886,0.137883,0.122212,0.08344,0.00937,0.63083,1.0,3.8676923076923075,6.0,2.0,2.0,1.9961538461538462,0.1996153846153846,3.0,1.0
94,PHASE 2 — emotion injection (v2 fix),25.971550941467285,5.104518,0.234168,0.133697,0.156391,0.095524,0.005483,0.577131,0.132218,0.891961,0.0,0.048359,0.685344,2.326574,0.23982,0.144671,0.121089,0.083377,0.00942,0.987293,1.0,3.8646153846153846,6.0,2.0,2.0,2.0076923076923077,0.20076923076923076,3.0,1.0
95,PHASE 2 — emotion injection (v2 fix),24.853874921798706,5.105108,0.233931,0.133484,0.15646,0.095369,0.005488,0.58518,0.130164,0.89202,0.0,0.038654,0.685254,2.218241,0.235599,0.135334,0.121907,0.086036,0.007995,0.585078,1.0,3.8615384615384616,6.0,2.0,2.0,2.019230769230769,0.20192307692307693,3.0,1.0
96,PHASE 2 — emotion injection (v2 fix),23.321619033813477,5.115748,0.233773,0.133027,0.156667,0.095884,0.00785,0.58731,0.135604,0.893569,0.0,0.044457,0.691137,2.2489,0.236853,0.138835,0.121191,0.084231,0.013688,0.659537,1.0,3.8584615384615386,6.0,2.0,2.0,2.0307692307692307,0.20307692307692307,3.0,1.0
97,PHASE 2 — emotion injection (v2 fix),23.309032440185547,5.106082,0.233815,0.133035,0.156583,0.095377,0.005878,0.587459,0.134368,0.892111,0.0,0.03893,0.68684,2.186,0.235306,0.137171,0.118836,0.084219,0.008361,0.518681,1.0,3.855384615384615,6.0,2.0,2.0,2.042307692307692,0.20423076923076922,3.0,1.0
98,PHASE 2 — emotion injection (v2 fix),24.395424604415894,5.105679,0.234136,0.13356,0.156894,0.095509,0.006151,0.579749,0.129598,0.890837,0.0,0.048549,0.684442,2.198425,0.23596,0.137369,0.121492,0.084085,0.010655,0.465891,1.0,3.852307692307692,6.0,2.0,2.0,2.0538461538461537,0.2053846153846154,3.0,1.0
99,PHASE 2 — emotion injection (v2 fix),24.743231534957886,5.108978,0.234006,0.13296,0.156881,0.095421,0.006494,0.584099,0.1328,0.892045,0.0,0.028009,0.6888,2.285576,0.237711,0.141452,0.125975,0.083407,0.006578,0.73312,1.0,3.8492307692307692,6.0,2.0,2.0,2.065384615384615,0.20653846153846153,3.0,1.0
100,PHASE 2 — emotion injection (v2 fix),25.131977081298828,5.108112,0.233819,0.132635,0.157452,0.095073,0.006621,0.587183,0.129862,0.890991,0.0,0.033349,0.680546,2.260724,0.240018,0.143798,0.123786,0.085051,0.010618,0.554251,1.0,3.8461538461538463,6.0,2.0,2.0,2.076923076923077,0.20769230769230768,3.0,1.0
101,PHASE 2 — emotion injection (v2 fix),24.82038116455078,5.100916,0.233732,0.132284,0.157117,0.095145,0.005261,0.577655,0.131849,0.891159,0.0,0.023565,0.683817,2.282308,0.239886,0.143356,0.121365,0.082246,0.007888,0.787859,1.0,3.8430769230769233,6.0,2.0,2.0,2.0884615384615386,0.20884615384615385,3.0,1.0
102,PHASE 2 — emotion injection (v2 fix),23.313839435577393,5.10378,0.233916,0.132407,0.157316,0.095167,0.005465,0.583133,0.131542,0.890855,0.0,0.05517,0.686,2.274572,0.240454,0.144006,0.123721,0.083457,0.008021,0.653014,1.0,3.84,6.0,2.0,2.0,2.1,0.21,3.0,1.0
103,PHASE 2 — emotion injection (v2 fix),24.803064823150635,5.09968,0.233871,0.13213,0.157786,0.095129,0.005813,0.581565,0.132471,0.888675,0.0,0.034116,0.68509,2.262265,0.24067,0.144078,0.12408,0.082994,0.009461,0.569417,1.0,3.836923076923077,6.0,2.0,2.0,2.1115384615384616,0.21115384615384614,3.0,1.0
104,PHASE 2 — emotion injection (v2 fix),24.139446020126343,5.101438,0.234278,0.132366,0.157673,0.095379,0.006016,0.579589,0.131761,0.888635,0.0,0.030782,0.688208,2.257176,0.238524,0.139932,0.121638,0.08273,0.008165,0.707565,1.0,3.833846153846154,6.0,2.0,2.0,2.123076923076923,0.2123076923076923,3.0,1.0
105,PHASE 2 — emotion injection (v2 fix),24.117814302444458,5.098599,0.234585,0.132329,0.15856,0.095075,0.005378,0.574437,0.131547,0.886562,0.0,0.02801,0.681367,2.279822,0.235901,0.136065,0.12391,0.086001,0.010135,0.78192,1.0,3.830769230769231,6.0,2.0,2.0,2.1346153846153846,0.21346153846153845,3.0,1.0
106,PHASE 2 — emotion injection (v2 fix),25.919915676116943,5.105256,0.234587,0.131578,0.158995,0.095147,0.005948,0.575149,0.1354,0.887903,0.0,0.035631,0.683225,2.319295,0.241062,0.143281,0.131396,0.085153,0.016327,0.541904,1.0,3.827692307692308,6.0,2.0,2.0,2.146153846153846,0.2146153846153846,3.0,1.0
107,PHASE 2 — emotion injection (v2 fix),26.06748867034912,5.097856,0.23509,0.132166,0.159282,0.095272,0.005007,0.579343,0.134326,0.884117,0.0,0.037276,0.688155,2.260745,0.240766,0.141894,0.125009,0.082459,0.00759,0.578253,1.0,3.8246153846153845,6.0,2.0,2.0,2.1576923076923076,0.21576923076923077,3.0,1.0
108,PHASE 2 — emotion injection (v2 fix),25.933441400527954,5.095601,0.235718,0.132598,0.159714,0.095307,0.005822,0.574323,0.133078,0.881163,0.0,0.049238,0.687894,2.258705,0.240305,0.139629,0.123947,0.084486,0.009233,0.59204,1.0,3.8215384615384616,6.0,2.0,2.0,2.1692307692307695,0.2169230769230769,3.0,1.0
109,PHASE 2 — emotion injection (v2 fix),24.625606060028076,5.094035,0.235962,0.132369,0.159668,0.09507,0.005368,0.578633,0.132734,0.880748,0.0,0.02593,0.685191,2.25604,0.23709,0.137063,0.122778,0.083027,0.008771,0.70959,1.0,3.8184615384615386,6.0,2.0,2.0,2.180769230769231,0.21807692307692306,3.0,1.0
110,PHASE 2 — emotion injection (v2 fix),23.72578477859497,5.098752,0.235557,0.131992,0.160199,0.094951,0.005371,0.583183,0.130904,0.881768,0.0,0.044795,0.677482,2.276376,0.238865,0.140352,0.124487,0.082329,0.009656,0.691328,1.0,3.8153846153846156,6.0,2.0,2.0,2.1923076923076925,0.21923076923076923,3.0,1.0
111,PHASE 2 — emotion injection (v2 fix),24.078140020370483,5.103232,0.23483,0.131524,0.160072,0.095192,0.006896,0.5863,0.1308,0.883239,0.0,0.044877,0.681244,2.240452,0.235888,0.134439,0.124257,0.083203,0.007817,0.649436,1.0,3.812307692307692,6.0,2.0,2.0,2.203846153846154,0.22038461538461537,3.0,1.0
112,PHASE 2 — emotion injection (v2 fix),25.025490522384644,5.096284,0.234102,0.130602,0.159231,0.0951,0.005358,0.581418,0.130645,0.885691,0.0,0.034637,0.686014,2.267893,0.239908,0.143387,0.124251,0.082274,0.010099,0.60858,1.0,3.809230769230769,6.0,2.0,2.0,2.2153846153846155,0.22153846153846152,3.0,1.0
113,PHASE 2 — emotion injection (v2 fix),22.552077054977417,5.09993,0.233247,0.130042,0.158786,0.095047,0.005909,0.581856,0.12974,0.888842,0.0,0.048242,0.687456,2.274852,0.244829,0.150427,0.125418,0.084734,0.007885,0.460752,1.0,3.806153846153846,6.0,2.0,2.0,2.226923076923077,0.2226923076923077,3.0,1.0
114,PHASE 2 — emotion injection (v2 fix),25.204366207122803,5.100358,0.232745,0.129708,0.158794,0.094799,0.005288,0.592456,0.130651,0.88966,0.0,0.028659,0.682981,2.235387,0.238419,0.140051,0.121801,0.082289,0.009263,0.591659,1.0,3.8030769230769232,6.0,2.0,2.0,2.2384615384615385,0.22384615384615386,3.0,1.0
115,PHASE 2 — emotion injection (v2 fix),25.636107444763184,5.130955,0.232913,0.129732,0.158714,0.095408,0.017819,0.576918,0.132749,0.89114,0.0,0.030969,0.690388,2.216568,0.236885,0.139279,0.124073,0.082939,0.008292,0.483875,1.0,3.8,6.0,2.0,2.0,2.25,0.22499999999999998,3.0,1.0
116,PHASE 2 — emotion injection (v2 fix),22.91816473007202,5.099185,0.232525,0.129411,0.158065,0.094729,0.005265,0.585752,0.131114,0.891753,0.0,0.04647,0.68745,2.232814,0.237972,0.139844,0.120918,0.081958,0.008323,0.624869,1.0,3.796923076923077,6.0,2.0,2.0,2.2615384615384615,0.22615384615384615,3.0,1.0
117,PHASE 2 — emotion injection (v2 fix),23.828697204589844,5.103404,0.232235,0.12911,0.158482,0.094648,0.005331,0.582622,0.131591,0.893126,0.0,0.031137,0.681584,2.262895,0.236672,0.137286,0.121695,0.082563,0.008833,0.770123,1.0,3.793846153846154,6.0,2.0,2.0,2.273076923076923,0.2273076923076923,3.0,1.0
118,PHASE 2 — emotion injection (v2 fix),27.4181547164917,5.102236,0.231781,0.128541,0.158276,0.094572,0.005182,0.580439,0.132006,0.894426,0.0,0.033191,0.683636,2.217111,0.234316,0.134665,0.120369,0.082766,0.010493,0.647057,1.0,3.790769230769231,6.0,2.0,2.0,2.2846153846153845,0.22846153846153844,3.0,1.0
119,PHASE 2 — emotion injection (v2 fix),21.90738272666931,5.100946,0.231963,0.128708,0.158185,0.094639,0.005608,0.583286,0.133095,0.893243,0.0,0.029932,0.685732,2.23359,0.23948,0.142561,0.125724,0.083928,0.008907,0.430014,1.0,3.787692307692308,6.0,2.0,2.0,2.296153846153846,0.2296153846153846,3.0,1.0
120,PHASE 2 — emotion injection (v2 fix),22.592013120651245,5.097347,0.231703,0.128176,0.157646,0.094679,0.005032,0.574944,0.133169,0.894854,0.0,0.017862,0.687844,2.281259,0.239755,0.143856,0.126144,0.082735,0.011389,0.596044,1.0,3.7846153846153845,6.0,2.0,2.0,2.3076923076923075,0.23076923076923075,3.0,1.0
121,PHASE 2 — emotion injection (v2 fix),22.43962836265564,5.109224,0.231815,0.128375,0.15851,0.094826,0.005963,0.587737,0.135083,0.895002,0.0,0.021017,0.685474,2.231492,0.236342,0.13496,0.122486,0.082612,0.008067,0.642387,1.0,3.7815384615384615,6.0,2.0,2.0,2.319230769230769,0.2319230769230769,3.0,1.0
122,PHASE 2 — emotion injection (v2 fix),23.054238080978394,5.105768,0.231327,0.127555,0.158289,0.094396,0.005698,0.576315,0.133368,0.896822,0.0,0.024222,0.681414,2.287972,0.236752,0.136926,0.126436,0.083693,0.017685,0.653601,1.0,3.7784615384615385,6.0,2.0,2.0,2.330769230769231,0.23307692307692307,3.0,1.0
123,PHASE 2 — emotion injection (v2 fix),24.662468433380127,5.099852,0.231082,0.127404,0.157695,0.094536,0.005192,0.577169,0.133324,0.896677,0.0,0.026552,0.68601,2.222322,0.235392,0.133291,0.121503,0.083036,0.008817,0.645955,1.0,3.7753846153846156,6.0,2.0,2.0,2.3423076923076924,0.23423076923076924,3.0,1.0
124,PHASE 2 — emotion injection (v2 fix),25.173703908920288,5.10395,0.231229,0.127274,0.158056,0.094596,0.005753,0.577548,0.134437,0.896707,0.0,0.030894,0.686356,2.226255,0.237579,0.13915,0.121305,0.082498,0.010537,0.56973,1.0,3.7723076923076926,6.0,2.0,2.0,2.353846153846154,0.23538461538461536,3.0,1.0
125,PHASE 2 — emotion injection (v2 fix),24.840969800949097,5.101625,0.230911,0.12688,0.157578,0.094652,0.004926,0.579372,0.136547,0.898012,0.0,0.025462,0.692634,2.209527,0.237775,0.137888,0.121319,0.082203,0.01407,0.473153,1.0,3.769230769230769,6.0,2.0,2.0,2.3653846153846154,0.23653846153846153,3.0,1.0
126,PHASE 2 — emotion injection (v2 fix),23.238404035568237,5.102448,0.231233,0.1271,0.157773,0.094277,0.004886,0.571587,0.135228,0.898241,0.0,0.040654,0.685018,2.231633,0.233615,0.132652,0.124429,0.08295,0.006685,0.665291,1.0,3.766153846153846,6.0,2.0,2.0,2.376923076923077,0.2376923076923077,3.0,1.0
127,PHASE 2 — emotion injection (v2 fix),22.47860550880432,5.103102,0.230637,0.126144,0.157782,0.09449,0.005285,0.571821,0.136486,0.899344,0.0,0.030982,0.689114,2.202887,0.236068,0.134202,0.122087,0.082274,0.009451,0.52963,1.0,3.763076923076923,6.0,2.0,2.0,2.3884615384615384,0.23884615384615382,3.0,1.0
128,PHASE 2 — emotion injection (v2 fix),23.06075167655945,5.105181,0.230986,0.126617,0.15794,0.094231,0.005019,0.574833,0.137882,0.899112,0.0,0.033799,0.684828,2.212278,0.233843,0.134005,0.121562,0.083711,0.008948,0.611465,1.0,3.7600000000000002,6.0,2.0,2.0,2.4,0.24,3.0,1.0
129,PHASE 2 — emotion injection (v2 fix),24.33049988746643,5.103333,0.230971,0.126735,0.158056,0.094547,0.00589,0.568407,0.135146,0.897804,0.0,0.031938,0.687241,2.263628,0.240479,0.142782,0.127976,0.08247,0.009296,0.495074,1.0,3.756923076923077,6.0,2.0,2.0,2.4115384615384614,0.24115384615384614,3.0,1.0
130,PHASE 2 — emotion injection (v2 fix),23.114646196365356,5.110326,0.230779,0.12617,0.158223,0.094615,0.007059,0.57221,0.13828,0.899119,0.0,0.030119,0.689918,2.252954,0.23886,0.141837,0.125686,0.082075,0.009066,0.546403,1.0,3.753846153846154,6.0,2.0,2.0,2.4230769230769234,0.2423076923076923,3.0,1.0
131,PHASE 2 — emotion injection (v2 fix),21.524070501327515,5.100774,0.230783,0.1259,0.158107,0.094362,0.005168,0.565739,0.137099,0.898557,0.0,0.018006,0.686399,2.159178,0.235425,0.13547,0.123607,0.082245,0.00814,0.325575,1.0,3.750769230769231,6.0,2.0,2.0,2.434615384615385,0.24346153846153845,3.0,1.0
132,PHASE 2 — emotion injection (v2 fix),23.654225826263428,5.105991,0.230417,0.125516,0.158201,0.094281,0.00488,0.572711,0.138895,0.900543,0.0,0.027286,0.685199,2.245366,0.23815,0.140618,0.125163,0.082681,0.012815,0.506626,1.0,3.747692307692308,6.0,2.0,2.0,2.4461538461538463,0.24461538461538462,3.0,1.0
133,PHASE 2 — emotion injection (v2 fix),22.998068809509277,5.105862,0.230283,0.125265,0.15835,0.094304,0.004614,0.576456,0.140955,0.900429,0.0,0.032444,0.683734,2.260693,0.236998,0.136434,0.12319,0.081327,0.008711,0.720816,1.0,3.7446153846153845,6.0,2.0,2.0,2.457692307692308,0.24576923076923074,3.0,1.0
134,PHASE 2 — emotion injection (v2 fix),25.68640899658203,5.107195,0.230382,0.125374,0.157976,0.09412,0.005249,0.569336,0.139521,0.901607,0.0,0.020407,0.688217,2.266613,0.237021,0.136829,0.123253,0.081551,0.008033,0.743856,1.0,3.7415384615384615,6.0,2.0,2.0,2.4692307692307693,0.2469230769230769,3.0,1.0
135,PHASE 2 — emotion injection (v2 fix),25.856805324554443,5.10127,0.230585,0.12549,0.158297,0.094022,0.005276,0.561317,0.136362,0.899363,0.0,0.029167,0.681286,2.218428,0.236743,0.137522,0.121676,0.081703,0.007193,0.592661,1.0,3.7384615384615385,6.0,2.0,2.0,2.480769230769231,0.24807692307692308,3.0,1.0
136,PHASE 2 — emotion injection (v2 fix),30.305997610092163,5.099857,0.230246,0.125044,0.158192,0.094121,0.005029,0.562751,0.13775,0.899843,0.0,0.02853,0.684653,2.262581,0.238027,0.138775,0.12596,0.083134,0.011486,0.582813,1.0,3.7353846153846155,6.0,2.0,2.0,2.4923076923076923,0.2492307692307692,3.0,1.0
137,PHASE 2 — emotion injection (v2 fix),22.499300956726074,5.104843,0.23031,0.124616,0.158078,0.094104,0.005207,0.568518,0.138592,0.901321,0.0,0.029183,0.689287,2.242736,0.23758,0.138557,0.125785,0.083049,0.008084,0.550549,1.0,3.7323076923076925,6.0,2.0,2.0,2.503846153846154,0.25038461538461537,3.0,1.0
138,PHASE 2 — emotion injection (v2 fix),24.32988715171814,5.106044,0.230369,0.124798,0.158825,0.093896,0.00448,0.567781,0.137949,0.90084,0.0,0.025825,0.678089,2.237878,0.235101,0.135086,0.122729,0.081985,0.008209,0.675705,1.0,3.729230769230769,6.0,2.0,2.0,2.5153846153846153,0.25153846153846154,3.0,1.0
139,PHASE 2 — emotion injection (v2 fix),24.175487279891968,5.105464,0.230176,0.124321,0.158194,0.094166,0.005889,0.562019,0.140559,0.901586,0.0,0.020551,0.685485,2.328627,0.24008,0.142868,0.126013,0.084015,0.006809,0.819183,1.0,3.726153846153846,6.0,2.0,2.0,2.526923076923077,0.25269230769230766,3.0,1.0
140,PHASE 2 — emotion injection (v2 fix),25.21049737930298,5.104399,0.230024,0.124288,0.158432,0.093979,0.005154,0.561292,0.139563,0.901769,0.0,0.013251,0.684134,2.258824,0.239226,0.143183,0.125077,0.081296,0.007773,0.587042,1.0,3.723076923076923,6.0,2.0,2.0,2.5384615384615383,0.25384615384615383,3.0,1.0
141,PHASE 2 — emotion injection (v2 fix),26.17446231842041,5.102342,0.230158,0.124219,0.157963,0.093925,0.004206,0.565217,0.138779,0.90241,0.0,0.027001,0.688448,2.274136,0.239012,0.14085,0.124872,0.081628,0.0065,0.683326,1.0,3.72,6.0,2.0,2.0,2.55,0.255,3.0,1.0
142,PHASE 2 — emotion injection (v2 fix),23.512738943099976,5.098644,0.23012,0.124192,0.158178,0.093819,0.004102,0.563281,0.139884,0.90114,0.0,0.038584,0.685762,2.241202,0.23459,0.13376,0.123025,0.081978,0.008582,0.693505,1.0,3.716923076923077,6.0,2.0,2.0,2.5615384615384613,0.2561538461538462,3.0,1.0
143,PHASE 2 — emotion injection (v2 fix),23.208008766174316,5.106202,0.230132,0.124525,0.158824,0.093908,0.005729,0.56117,0.133537,0.900861,0.0,0.027799,0.680532,2.232268,0.237948,0.13716,0.125152,0.08094,0.006336,0.564112,1.0,3.713846153846154,6.0,2.0,2.0,2.573076923076923,0.2573076923076923,3.0,1.0
144,PHASE 2 — emotion injection (v2 fix),24.655831813812256,5.103232,0.230007,0.12389,0.15826,0.093829,0.004428,0.560772,0.139948,0.902785,0.0,0.021987,0.683994,2.243585,0.237634,0.138571,0.124385,0.080972,0.006027,0.622171,1.0,3.710769230769231,6.0,2.0,2.0,2.5846153846153843,0.25846153846153846,3.0,1.0
145,PHASE 2 — emotion injection (v2 fix),23.648953199386597,5.098756,0.229977,0.12383,0.158167,0.093834,0.004162,0.554247,0.138815,0.902347,0.0,0.019562,0.685712,2.205216,0.238215,0.140156,0.122371,0.081228,0.00689,0.489604,1.0,3.707692307692308,6.0,2.0,2.0,2.596153846153846,0.2596153846153846,3.0,1.0
146,PHASE 2 — emotion injection (v2 fix),24.989800691604614,5.100123,0.22991,0.123542,0.158047,0.093651,0.004049,0.5627,0.137422,0.902811,0.0,0.021765,0.686715,2.18066,0.236887,0.135743,0.122807,0.081932,0.005027,0.451677,1.0,3.7046153846153844,6.0,2.0,2.0,2.6076923076923078,0.26076923076923075,3.0,1.0
147,PHASE 2 — emotion injection (v2 fix),26.406023740768433,5.100945,0.230018,0.123693,0.158531,0.093734,0.003981,0.563373,0.139787,0.901832,0.0,0.031679,0.685154,2.271652,0.240592,0.14456,0.126764,0.081934,0.006193,0.57765,1.0,3.7015384615384614,6.0,2.0,2.0,2.6192307692307693,0.2619230769230769,3.0,1.0
148,PHASE 2 — emotion injection (v2 fix),31.77971649169922,5.098373,0.22985,0.123695,0.158496,0.093717,0.004178,0.562922,0.138054,0.901133,0.0,0.016961,0.68685,2.220255,0.235863,0.135277,0.123934,0.081042,0.005488,0.597721,1.0,3.6984615384615385,6.0,2.0,2.0,2.6307692307692307,0.2630769230769231,3.0,1.0
149,PHASE 2 — emotion injection (v2 fix),30.098752737045288,5.101788,0.229734,0.123173,0.158775,0.093638,0.00446,0.556309,0.138722,0.902594,0.0,0.022434,0.682827,2.205235,0.23632,0.136133,0.122901,0.080694,0.006443,0.544444,1.0,3.6953846153846155,6.0,2.0,2.0,2.6423076923076922,0.2642307692307692,3.0,1.0
150,PHASE 2 — emotion injection (v2 fix),29.026496171951294,5.097144,0.229556,0.123195,0.15848,0.093555,0.004365,0.557312,0.137241,0.901895,0.0,0.015313,0.685135,2.214727,0.236894,0.13591,0.123665,0.081723,0.005898,0.554404,1.0,3.6923076923076925,6.0,2.0,2.0,2.653846153846154,0.2653846153846154,3.0,1.0
151,PHASE 2 — emotion injection (v2 fix),27.490201711654663,5.104618,0.229528,0.123003,0.158818,0.093578,0.004187,0.565295,0.137512,0.903311,0.0,0.023436,0.682488,2.225798,0.235938,0.134393,0.12367,0.081218,0.008265,0.600651,1.0,3.689230769230769,6.0,2.0,2.0,2.6653846153846157,0.2665384615384615,3.0,1.0
152,PHASE 2 — emotion injection (v2 fix),28.945480346679688,5.102997,0.229455,0.122843,0.158912,0.09354,0.004297,0.561451,0.138029,0.903051,0.0,0.026311,0.683306,2.274618,0.237661,0.139964,0.126899,0.081447,0.009829,0.627723,1.0,3.686153846153846,6.0,2.0,2.0,2.676923076923077,0.2676923076923077,3.0,1.0
153,PHASE 2 — emotion injection (v2 fix),28.968806505203247,5.105044,0.229495,0.122738,0.158863,0.09384,0.005072,0.562518,0.138885,0.902866,0.0,0.022434,0.68765,2.271772,0.2388,0.1419,0.128647,0.082186,0.006719,0.573303,1.0,3.683076923076923,6.0,2.0,2.0,2.6884615384615387,0.26884615384615385,3.0,1.0
154,PHASE 2 — emotion injection (v2 fix),32.434677600860596,5.097118,0.229121,0.122607,0.158949,0.093675,0.00417,0.559924,0.137659,0.901751,0.0,0.022048,0.686103,2.20775,0.237395,0.137513,0.125338,0.082015,0.006847,0.461343,1.0,3.68,6.0,2.0,2.0,2.7,0.27,3.0,1.0
155,PHASE 2 — emotion injection (v2 fix),32.66007661819458,5.105061,0.2297,0.122805,0.159037,0.093807,0.004663,0.55902,0.139207,0.902934,0.0,0.016496,0.687671,2.212053,0.235175,0.132322,0.125191,0.082279,0.006468,0.55115,1.0,3.676923076923077,6.0,2.0,2.0,2.7115384615384617,0.27115384615384613,3.0,1.0
156,PHASE 2 — emotion injection (v2 fix),32.038785219192505,5.104118,0.229169,0.122154,0.15908,0.093525,0.003981,0.56317,0.141863,0.904049,0.0,0.025764,0.684175,2.202101,0.237744,0.139259,0.126446,0.081791,0.007996,0.389685,1.0,3.6738461538461538,6.0,2.0,2.0,2.723076923076923,0.2723076923076923,3.0,1.0
157,PHASE 2 — emotion injection (v2 fix),34.14167094230652,5.104327,0.229001,0.122112,0.15932,0.093445,0.004201,0.553862,0.137937,0.904579,0.0,0.027575,0.684051,2.199875,0.238954,0.141173,0.126376,0.082019,0.008277,0.349056,1.0,3.670769230769231,6.0,2.0,2.0,2.7346153846153847,0.2734615384615384,3.0,1.0
158,PHASE 2 — emotion injection (v2 fix),37.109989404678345,5.10104,0.228835,0.121824,0.159154,0.093423,0.004015,0.564139,0.138515,0.903461,0.0,0.024656,0.684807,2.344497,0.240542,0.143446,0.130454,0.082118,0.009044,0.741316,1.0,3.667692307692308,6.0,2.0,2.0,2.746153846153846,0.2746153846153846,3.0,1.0
159,PHASE 2 — emotion injection (v2 fix),37.15839648246765,5.102269,0.229,0.122192,0.159587,0.093519,0.004418,0.560529,0.138376,0.902455,0.0,0.018111,0.684747,2.201648,0.235374,0.133813,0.124326,0.081429,0.007305,0.51676,1.0,3.664615384615385,6.0,2.0,2.0,2.7576923076923077,0.27576923076923077,3.0,1.0
160,PHASE 2 — emotion injection (v2 fix),32.89409589767456,5.106376,0.229075,0.121862,0.159786,0.093502,0.004126,0.565198,0.140174,0.903407,0.0,0.020266,0.683005,2.253602,0.236522,0.137217,0.125839,0.081449,0.007501,0.629877,1.0,3.661538461538462,6.0,2.0,2.0,2.769230769230769,0.27692307692307694,3.0,1.0
161,PHASE 2 — emotion injection (v2 fix),25.54736304283142,5.101824,0.228947,0.121836,0.159838,0.09357,0.004314,0.560853,0.137666,0.902145,0.0,0.021111,0.683285,2.260317,0.233317,0.131548,0.125142,0.082007,0.007124,0.751462,1.0,3.6584615384615384,6.0,2.0,2.0,2.7807692307692307,0.27807692307692305,3.0,1.0
162,PHASE 2 — emotion injection (v2 fix),22.860761404037476,5.101816,0.228958,0.121934,0.159863,0.093451,0.004354,0.557638,0.137414,0.902358,0.0,0.013323,0.683736,2.226395,0.237349,0.139075,0.12663,0.081269,0.005957,0.507442,1.0,3.6553846153846155,6.0,2.0,2.0,2.792307692307692,0.2792307692307692,3.0,1.0
163,PHASE 2 — emotion injection (v2 fix),22.064382314682007,5.104963,0.22869,0.121404,0.160012,0.093568,0.00402,0.561552,0.137538,0.903659,0.0,0.031605,0.683826,2.23724,0.235135,0.134028,0.125917,0.0809,0.006304,0.62564,1.0,3.6523076923076925,6.0,2.0,2.0,2.8038461538461537,0.28038461538461534,3.0,1.0
164,PHASE 2 — emotion injection (v2 fix),22.466543197631836,5.114692,0.228938,0.121423,0.160034,0.093575,0.006445,0.558582,0.139025,0.904546,0.0,0.020339,0.684711,2.236851,0.234354,0.132025,0.128147,0.081889,0.007561,0.58125,1.0,3.6492307692307695,6.0,2.0,2.0,2.815384615384615,0.2815384615384615,3.0,1.0
165,PHASE 2 — emotion injection (v2 fix),22.69874858856201,5.102981,0.228829,0.12144,0.160073,0.093375,0.00401,0.556082,0.13935,0.903342,0.0,0.023041,0.682346,2.323462,0.240266,0.141878,0.129537,0.082951,0.007845,0.701661,1.0,3.646153846153846,6.0,2.0,2.0,2.8269230769230766,0.2826923076923077,3.0,1.0
166,PHASE 2 — emotion injection (v2 fix),22.48189878463745,5.107392,0.228884,0.121223,0.16001,0.093564,0.004003,0.562925,0.141334,0.904257,0.0,0.025885,0.68741,2.215913,0.236079,0.135677,0.126393,0.081032,0.008254,0.495515,1.0,3.643076923076923,6.0,2.0,2.0,2.8384615384615386,0.28384615384615386,3.0,1.0
167,PHASE 2 — emotion injection (v2 fix),23.214845895767212,5.107655,0.228986,0.121464,0.160282,0.093704,0.0043,0.564692,0.141263,0.902974,0.0,0.018519,0.687027,2.193561,0.236721,0.134665,0.126376,0.080874,0.007548,0.424744,1.0,3.64,6.0,2.0,2.0,2.85,0.28500000000000003,3.0,1.0
168,PHASE 2 — emotion injection (v2 fix),22.556211709976196,5.106976,0.228703,0.12101,0.160364,0.093587,0.003987,0.55684,0.138854,0.904359,0.0,0.013542,0.685649,2.210049,0.234764,0.133654,0.125666,0.081033,0.008599,0.518083,1.0,3.636923076923077,6.0,2.0,2.0,2.8615384615384616,0.28615384615384615,3.0,1.0
169,PHASE 2 — emotion injection (v2 fix),23.264650344848633,5.107241,0.228758,0.120846,0.160373,0.093452,0.00399,0.556632,0.140574,0.904583,0.0,0.018698,0.685428,2.293752,0.235683,0.134509,0.125595,0.081137,0.007023,0.808447,1.0,3.6338461538461537,6.0,2.0,2.0,2.873076923076923,0.28730769230769226,3.0,1.0
170,PHASE 2 — emotion injection (v2 fix),22.99140453338623,5.110919,0.22883,0.120913,0.160886,0.093526,0.004578,0.558692,0.138883,0.903842,0.0,0.016827,0.68143,2.229174,0.235392,0.133503,0.126061,0.080569,0.005752,0.60118,1.0,3.6307692307692307,6.0,2.0,2.0,2.8846153846153846,0.28846153846153844,3.0,1.0
171,PHASE 2 — emotion injection (v2 fix),22.820696592330933,5.110183,0.228577,0.120599,0.161134,0.093466,0.004042,0.56137,0.140423,0.903917,0.0,0.029587,0.681005,2.225683,0.236837,0.134668,0.125487,0.08098,0.006715,0.562283,1.0,3.6276923076923078,6.0,2.0,2.0,2.896153846153846,0.2896153846153846,3.0,1.0
172,PHASE 2 — emotion injection (v2 fix),23.432888507843018,5.107452,0.228826,0.120555,0.160792,0.093613,0.004278,0.556401,0.140534,0.903578,0.0,0.017747,0.685388,2.197654,0.233745,0.129632,0.126225,0.081841,0.007033,0.514748,1.0,3.624615384615385,6.0,2.0,2.0,2.9076923076923076,0.2907692307692308,3.0,1.0
173,PHASE 2 — emotion injection (v2 fix),22.20182204246521,5.118153,0.22894,0.120609,0.160894,0.093633,0.007207,0.560616,0.142361,0.903499,0.0,0.01459,0.68635,2.315734,0.242102,0.1441,0.131311,0.082474,0.005334,0.624698,1.0,3.621538461538462,6.0,2.0,2.0,2.919230769230769,0.2919230769230769,3.0,1.0
174,PHASE 2 — emotion injection (v2 fix),21.829180479049683,5.103912,0.228494,0.120451,0.160597,0.093534,0.003872,0.550886,0.139822,0.904255,0.0,0.031063,0.686523,2.190303,0.234081,0.129928,0.12603,0.081258,0.00655,0.496586,1.0,3.6184615384615384,6.0,2.0,2.0,2.930769230769231,0.29307692307692307,3.0,1.0
175,PHASE 2 — emotion injection (v2 fix),23.164026260375977,5.111093,0.228724,0.12007,0.160809,0.093621,0.004012,0.557779,0.141394,0.905336,0.0,0.011773,0.687163,2.181505,0.236088,0.133426,0.127707,0.080855,0.004721,0.405319,1.0,3.6153846153846154,6.0,2.0,2.0,2.9423076923076925,0.2942307692307692,3.0,1.0
176,PHASE 2 — emotion injection (v2 fix),22.761996030807495,5.110345,0.228849,0.120386,0.161303,0.093354,0.003984,0.551142,0.139113,0.904603,0.0,0.035717,0.683428,2.212853,0.236898,0.136645,0.127128,0.080078,0.006314,0.481542,1.0,3.6123076923076924,6.0,2.0,2.0,2.953846153846154,0.29538461538461536,3.0,1.0
177,PHASE 2 — emotion injection (v2 fix),21.995827198028564,5.108262,0.229066,0.120325,0.16129,0.093343,0.003893,0.556709,0.141438,0.903268,0.0,0.023902,0.681527,2.270763,0.23716,0.136561,0.127974,0.081517,0.005665,0.654229,1.0,3.6092307692307695,6.0,2.0,2.0,2.9653846153846155,0.29653846153846153,3.0,1.0
178,PHASE 2 — emotion injection (v2 fix),23.9982430934906,5.106875,0.228998,0.120178,0.160907,0.093579,0.00369,0.54884,0.140362,0.904582,0.0,0.013823,0.687954,2.284072,0.238291,0.137489,0.128114,0.080692,0.00484,0.689647,1.0,3.606153846153846,6.0,2.0,2.0,2.976923076923077,0.2976923076923077,3.0,1.0
179,PHASE 2 — emotion injection (v2 fix),23.584603548049927,5.105448,0.228779,0.119869,0.161044,0.093433,0.003619,0.55326,0.142139,0.90404,0.0,0.021947,0.684289,2.224836,0.237405,0.135907,0.125967,0.081018,0.006074,0.540906,1.0,3.603076923076923,6.0,2.0,2.0,2.9884615384615385,0.2988461538461539,3.0,1.0
180,PHASE 2 — emotion injection (v2 fix),22.56506037712097,5.107724,0.228867,0.119639,0.160965,0.093339,0.003964,0.550316,0.139732,0.905023,0.0,0.017662,0.683317,2.236109,0.236709,0.134086,0.127448,0.080931,0.006461,0.566189,1.0,3.6,6.0,2.0,2.0,3.0,0.3,3.0,1.0
181,PHASE 3 — emotion sharpening (v2 fix),22.858490467071533,5.066111,0.231602,0.118243,0.166787,0.094553,0.003085,0.45787,0.183974,0.913701,0.0,0.011726,0.686505,2.223471,0.243667,0.138595,0.136914,0.082309,0.003857,0.510645,1.0,2.9914285714285715,6.0,2.0,2.0,4.014285714285714,0.42257142857142854,3.0,1.0
182,PHASE 3 — emotion sharpening (v2 fix),23.567022562026978,5.068733,0.232662,0.119219,0.167228,0.094703,0.002974,0.453853,0.179725,0.912863,0.0,0.027378,0.682722,2.153867,0.240119,0.134009,0.134903,0.082941,0.004508,0.414327,1.0,2.9828571428571427,6.0,2.0,2.0,4.0285714285714285,0.4251428571428571,3.0,1.0
183,PHASE 3 — emotion sharpening (v2 fix),21.899518489837646,5.062748,0.232294,0.118972,0.166946,0.094535,0.002825,0.462879,0.175079,0.91125,0.0,0.020929,0.677335,2.169915,0.238664,0.13458,0.13436,0.082215,0.004536,0.472225,1.0,2.974285714285714,6.0,2.0,2.0,4.042857142857143,0.4277142857142857,3.0,1.0
184,PHASE 3 — emotion sharpening (v2 fix),22.736462116241455,5.060794,0.232019,0.119117,0.16633,0.09473,0.002781,0.466359,0.173807,0.911689,0.0,0.021338,0.685682,2.188602,0.238479,0.130404,0.137046,0.084258,0.005281,0.484135,1.0,2.9657142857142857,6.0,2.0,2.0,4.057142857142857,0.43028571428571427,3.0,1.0
185,PHASE 3 — emotion sharpening (v2 fix),23.638030767440796,5.059492,0.231841,0.118871,0.166296,0.094776,0.002923,0.467306,0.170686,0.911554,0.0,0.019013,0.685186,2.113965,0.238823,0.129428,0.132253,0.083612,0.003268,0.40389,1.0,2.9571428571428573,6.0,2.0,2.0,4.071428571428571,0.43285714285714283,3.0,1.0
186,PHASE 3 — emotion sharpening (v2 fix),22.321353435516357,5.061455,0.231891,0.119028,0.165997,0.094781,0.002828,0.472137,0.171024,0.912322,0.0,0.018496,0.686719,2.126018,0.237614,0.131791,0.129982,0.081948,0.004189,0.461419,1.0,2.9485714285714284,6.0,2.0,2.0,4.085714285714285,0.4354285714285714,3.0,1.0
187,PHASE 3 — emotion sharpening (v2 fix),23.46573233604431,5.059801,0.231515,0.119035,0.165975,0.094737,0.003194,0.473787,0.171078,0.911714,0.0,0.022192,0.687293,2.157776,0.240249,0.135742,0.137101,0.081588,0.003664,0.409032,1.0,2.94,6.0,2.0,2.0,4.1,0.438,3.0,1.0
188,PHASE 3 — emotion sharpening (v2 fix),23.07733964920044,5.060413,0.231322,0.118814,0.166098,0.094471,0.002787,0.481358,0.170126,0.91187,0.0,0.014643,0.682427,2.174274,0.243119,0.138905,0.138097,0.084305,0.004948,0.377294,1.0,2.9314285714285715,6.0,2.0,2.0,4.114285714285714,0.44057142857142856,3.0,1.0
189,PHASE 3 — emotion sharpening (v2 fix),21.139458179473877,5.057405,0.230924,0.118589,0.165995,0.094569,0.002891,0.474778,0.169599,0.91261,0.0,0.022339,0.685878,2.223379,0.240716,0.135519,0.133123,0.082368,0.003897,0.607475,1.0,2.922857142857143,6.0,2.0,2.0,4.128571428571428,0.4431428571428571,3.0,1.0
190,PHASE 3 — emotion sharpening (v2 fix),21.255645036697388,5.05637,0.231441,0.119171,0.166214,0.094546,0.002803,0.476013,0.16667,0.91113,0.0,0.022508,0.683164,2.178455,0.238311,0.133953,0.130856,0.081401,0.005611,0.549366,1.0,2.914285714285714,6.0,2.0,2.0,4.142857142857143,0.4457142857142857,3.0,1.0
191,PHASE 3 — emotion sharpening (v2 fix),23.220618963241577,5.05374,0.230633,0.118388,0.165896,0.094628,0.002927,0.474922,0.163986,0.91237,0.0,0.010196,0.6851,2.091453,0.239387,0.134655,0.133168,0.082441,0.004234,0.323597,1.0,2.9057142857142857,6.0,2.0,2.0,4.1571428571428575,0.4482857142857143,3.0,1.0
192,PHASE 3 — emotion sharpening (v2 fix),22.61091661453247,5.049965,0.23082,0.118732,0.165949,0.094512,0.002899,0.474033,0.163372,0.911084,0.0,0.014073,0.684703,2.102463,0.237665,0.130654,0.131637,0.083519,0.003484,0.401935,1.0,2.8971428571428572,6.0,2.0,2.0,4.171428571428572,0.45085714285714285,3.0,1.0
193,PHASE 3 — emotion sharpening (v2 fix),23.075673580169678,5.055231,0.230662,0.118458,0.166081,0.094316,0.00282,0.478755,0.163047,0.912675,0.0,0.015524,0.679582,2.274098,0.240395,0.138295,0.137493,0.081718,0.005043,0.647533,1.0,2.888571428571429,6.0,2.0,2.0,4.185714285714286,0.4534285714285714,3.0,1.0
194,PHASE 3 — emotion sharpening (v2 fix),24.634725093841553,5.052583,0.23065,0.118569,0.166419,0.094273,0.00292,0.481075,0.16522,0.910826,0.0,0.02127,0.682413,2.108981,0.238422,0.131337,0.133229,0.082244,0.004603,0.38697,1.0,2.88,6.0,2.0,2.0,4.2,0.45599999999999996,3.0,1.0
195,PHASE 3 — emotion sharpening (v2 fix),21.518072605133057,5.051949,0.230945,0.118699,0.166,0.094436,0.002981,0.474991,0.164933,0.912053,0.0,0.040058,0.687144,2.156846,0.236826,0.129882,0.133562,0.081982,0.003722,0.514713,1.0,2.8714285714285714,6.0,2.0,2.0,4.214285714285714,0.4585714285714286,3.0,1.0
196,PHASE 3 — emotion sharpening (v2 fix),22.33436608314514,5.052028,0.230934,0.118636,0.166293,0.094394,0.003013,0.478737,0.162609,0.91119,0.0,0.015929,0.685505,2.240338,0.23741,0.129978,0.135584,0.0816,0.00486,0.658054,1.0,2.862857142857143,6.0,2.0,2.0,4.228571428571429,0.46114285714285713,3.0,1.0
197,PHASE 3 — emotion sharpening (v2 fix),24.49530601501465,5.0502,0.230873,0.118469,0.166355,0.094322,0.002836,0.476695,0.164417,0.911475,0.0,0.017004,0.684562,2.170491,0.242279,0.141918,0.136537,0.082228,0.004704,0.412933,1.0,2.8542857142857145,6.0,2.0,2.0,4.242857142857143,0.4637142857142857,3.0,1.0
198,PHASE 3 — emotion sharpening (v2 fix),24.262336015701294,5.056026,0.230787,0.118437,0.166783,0.094461,0.002958,0.48196,0.162842,0.911817,0.0,0.02061,0.684649,2.24347,0.241561,0.139012,0.135161,0.08156,0.004239,0.61314,1.0,2.8457142857142856,6.0,2.0,2.0,4.257142857142857,0.46628571428571425,3.0,1.0
199,PHASE 3 — emotion sharpening (v2 fix),24.25990319252014,5.047008,0.23058,0.118426,0.166281,0.094167,0.002811,0.474371,0.162206,0.911843,0.0,0.013122,0.683919,2.117649,0.239443,0.133234,0.133828,0.081635,0.004879,0.394086,1.0,2.837142857142857,6.0,2.0,2.0,4.271428571428571,0.46885714285714286,3.0,1.0
200,PHASE 3 — emotion sharpening (v2 fix),24.671890020370483,5.046722,0.230971,0.118565,0.166381,0.094471,0.002802,0.477019,0.163722,0.91072,0.0,0.016301,0.689831,2.148274,0.239272,0.134252,0.13443,0.08192,0.005341,0.444744,1.0,2.8285714285714287,6.0,2.0,2.0,4.285714285714286,0.4714285714285714,3.0,1.0
201,PHASE 3 — emotion sharpening (v2 fix),22.25747060775757,5.053348,0.230703,0.117852,0.166748,0.094291,0.002857,0.481912,0.163784,0.912427,0.0,0.021309,0.686764,2.124335,0.236106,0.129275,0.132824,0.082098,0.006309,0.446619,1.0,2.8200000000000003,6.0,2.0,2.0,4.3,0.474,3.0,1.0
202,PHASE 3 — emotion sharpening (v2 fix),22.249608516693115,5.057552,0.230423,0.117818,0.16731,0.094314,0.003231,0.482108,0.162818,0.912638,0.0,0.005918,0.683197,2.140734,0.237353,0.131997,0.134393,0.081499,0.004895,0.459461,1.0,2.8114285714285714,6.0,2.0,2.0,4.314285714285714,0.47657142857142853,3.0,1.0
203,PHASE 3 — emotion sharpening (v2 fix),24.383277416229248,5.053162,0.230499,0.117596,0.166218,0.094439,0.003996,0.477095,0.164648,0.913278,0.0,0.014069,0.693229,2.193118,0.242594,0.139529,0.137927,0.082666,0.004762,0.460394,1.0,2.802857142857143,6.0,2.0,2.0,4.328571428571428,0.47914285714285715,3.0,1.0
204,PHASE 3 — emotion sharpening (v2 fix),23.50615119934082,5.054226,0.23074,0.117889,0.166985,0.094471,0.002803,0.480902,0.163727,0.913006,0.0,0.022785,0.686927,2.168382,0.242626,0.141109,0.140388,0.085231,0.006254,0.349271,1.0,2.7942857142857145,6.0,2.0,2.0,4.3428571428571425,0.4817142857142857,3.0,1.0
205,PHASE 3 — emotion sharpening (v2 fix),24.155982494354248,5.047238,0.230779,0.118006,0.167343,0.094125,0.002695,0.475946,0.162758,0.911265,0.0,0.011336,0.682084,2.152265,0.242498,0.140523,0.135444,0.081029,0.004406,0.416632,1.0,2.785714285714286,6.0,2.0,2.0,4.357142857142857,0.48428571428571426,3.0,1.0
206,PHASE 3 — emotion sharpening (v2 fix),23.194395065307617,5.052247,0.231093,0.118132,0.167265,0.09417,0.002806,0.480767,0.163091,0.911983,0.0,0.014739,0.683659,2.198661,0.236634,0.129178,0.131965,0.083566,0.003806,0.631769,1.0,2.777142857142857,6.0,2.0,2.0,4.371428571428572,0.4868571428571428,3.0,1.0
207,PHASE 3 — emotion sharpening (v2 fix),21.87891125679016,5.044927,0.230619,0.117336,0.166914,0.094292,0.002655,0.472558,0.162903,0.912924,0.0,0.016838,0.688182,2.116361,0.239055,0.13409,0.133734,0.081414,0.003737,0.418271,1.0,2.7685714285714287,6.0,2.0,2.0,4.385714285714286,0.48942857142857144,3.0,1.0
208,PHASE 3 — emotion sharpening (v2 fix),26.106412410736084,5.049478,0.230625,0.117387,0.16724,0.094227,0.002766,0.480532,0.161994,0.912563,0.0,0.009585,0.684106,2.07186,0.239182,0.134076,0.131396,0.081714,0.003574,0.357803,1.0,2.7600000000000002,6.0,2.0,2.0,4.4,0.492,3.0,1.0
209,PHASE 3 — emotion sharpening (v2 fix),25.080180406570435,5.046726,0.230699,0.117373,0.167044,0.094219,0.002681,0.480015,0.161321,0.912429,0.0,0.02717,0.685747,2.180821,0.237269,0.129962,0.131864,0.081412,0.004263,0.59697,1.0,2.751428571428572,6.0,2.0,2.0,4.414285714285715,0.49457142857142855,3.0,1.0
210,PHASE 3 — emotion sharpening (v2 fix),31.621378183364868,5.05176,0.230628,0.117161,0.167087,0.094379,0.002976,0.479282,0.162787,0.914043,0.0,0.018214,0.689149,2.226941,0.2401,0.134994,0.139558,0.082117,0.003596,0.564995,1.0,2.742857142857143,6.0,2.0,2.0,4.428571428571429,0.4971428571428571,3.0,1.0
211,PHASE 3 — emotion sharpening (v2 fix),25.131377696990967,5.050067,0.231014,0.11808,0.16772,0.094247,0.003174,0.479785,0.160913,0.911193,0.0,0.03687,0.684345,2.130579,0.238921,0.132116,0.136268,0.081102,0.004125,0.430097,1.0,2.7342857142857144,6.0,2.0,2.0,4.442857142857143,0.49971428571428567,3.0,1.0
212,PHASE 3 — emotion sharpening (v2 fix),24.085134983062744,5.051953,0.23046,0.117096,0.167485,0.094274,0.002821,0.48195,0.163745,0.913829,0.0,0.020084,0.687316,2.20757,0.240143,0.132846,0.134735,0.081646,0.005934,0.575705,1.0,2.725714285714286,6.0,2.0,2.0,4.457142857142857,0.5022857142857142,3.0,1.0
213,PHASE 3 — emotion sharpening (v2 fix),23.07921814918518,5.047756,0.230773,0.117594,0.168233,0.094009,0.002673,0.48191,0.160152,0.910953,0.0,0.01978,0.679504,2.089384,0.238105,0.132245,0.1328,0.080923,0.003738,0.401243,1.0,2.717142857142857,6.0,2.0,2.0,4.4714285714285715,0.5048571428571429,3.0,1.0
214,PHASE 3 — emotion sharpening (v2 fix),23.48570489883423,5.058887,0.230466,0.117034,0.167976,0.094088,0.002647,0.488481,0.162408,0.914937,0.0,0.007746,0.681417,2.22896,0.240179,0.135721,0.136934,0.081081,0.005276,0.590311,1.0,2.7085714285714286,6.0,2.0,2.0,4.485714285714286,0.5074285714285715,3.0,1.0
215,PHASE 3 — emotion sharpening (v2 fix),25.48288106918335,5.048757,0.230583,0.117181,0.167393,0.094212,0.002703,0.480981,0.162011,0.913858,0.0,0.022963,0.687826,2.182659,0.239952,0.135222,0.142155,0.084005,0.003059,0.450274,1.0,2.7,6.0,2.0,2.0,4.5,0.51,3.0,1.0
216,PHASE 3 — emotion sharpening (v2 fix),22.572983026504517,5.047727,0.230623,0.117324,0.168169,0.09413,0.002642,0.480625,0.161042,0.912273,0.0,0.00674,0.68448,2.222277,0.2398,0.135273,0.136933,0.081295,0.004356,0.59012,1.0,2.6914285714285717,6.0,2.0,2.0,4.514285714285714,0.5125714285714286,3.0,1.0
217,PHASE 3 — emotion sharpening (v2 fix),23.129926204681396,5.047296,0.23074,0.117511,0.168412,0.094206,0.00284,0.481121,0.16114,0.911213,0.0,0.012906,0.684898,2.170762,0.241775,0.138808,0.136027,0.081286,0.004216,0.478849,1.0,2.6828571428571433,6.0,2.0,2.0,4.5285714285714285,0.5151428571428571,3.0,1.0
218,PHASE 3 — emotion sharpening (v2 fix),22.247060775756836,5.052322,0.230668,0.117326,0.168584,0.094113,0.002738,0.484326,0.160968,0.912629,0.0,0.016133,0.683197,2.193792,0.241904,0.139115,0.136729,0.081638,0.004424,0.511668,1.0,2.6742857142857144,6.0,2.0,2.0,4.542857142857143,0.5177142857142857,3.0,1.0
219,PHASE 3 — emotion sharpening (v2 fix),22.220815896987915,5.051961,0.230466,0.116858,0.168559,0.094119,0.002708,0.479763,0.160637,0.914115,0.0,0.019215,0.682112,2.212217,0.238621,0.132353,0.13557,0.081316,0.004498,0.605178,1.0,2.665714285714286,6.0,2.0,2.0,4.557142857142857,0.5202857142857142,3.0,1.0
220,PHASE 3 — emotion sharpening (v2 fix),22.402660131454468,5.059763,0.230507,0.116886,0.169382,0.094207,0.003755,0.480588,0.161319,0.913449,0.0,0.008952,0.681182,2.181391,0.237742,0.130776,0.135112,0.081308,0.004596,0.561966,1.0,2.6571428571428575,6.0,2.0,2.0,4.571428571428571,0.5228571428571428,3.0,1.0
221,PHASE 3 — emotion sharpening (v2 fix),24.133076429367065,5.055187,0.230459,0.116638,0.168732,0.094134,0.002993,0.485606,0.160124,0.913995,0.0,0.019162,0.68376,2.100373,0.241519,0.13593,0.137054,0.081165,0.004411,0.350104,1.0,2.6485714285714286,6.0,2.0,2.0,4.585714285714285,0.5254285714285714,3.0,1.0
222,PHASE 3 — emotion sharpening (v2 fix),23.73295545578003,5.05376,0.230981,0.117217,0.168808,0.094233,0.0028,0.48244,0.161302,0.913539,0.0,0.017721,0.686733,2.227438,0.237643,0.131554,0.13628,0.081016,0.004959,0.633395,1.0,2.64,6.0,2.0,2.0,4.6,0.528,3.0,1.0
223,PHASE 3 — emotion sharpening (v2 fix),22.99978017807007,5.053047,0.230767,0.116805,0.169335,0.094231,0.002852,0.483141,0.161868,0.912738,0.0,0.014885,0.684915,2.116992,0.237159,0.129412,0.134273,0.081276,0.005015,0.457561,1.0,2.6314285714285717,6.0,2.0,2.0,4.614285714285714,0.5305714285714286,3.0,1.0
224,PHASE 3 — emotion sharpening (v2 fix),22.646429777145386,5.055416,0.230621,0.116712,0.169773,0.094094,0.002758,0.485477,0.161364,0.912897,0.0,0.007119,0.680956,2.14436,0.238266,0.133206,0.137338,0.081623,0.005582,0.449977,1.0,2.622857142857143,6.0,2.0,2.0,4.628571428571428,0.5331428571428571,3.0,1.0
225,PHASE 3 — emotion sharpening (v2 fix),21.48062562942505,5.051951,0.230603,0.11669,0.169199,0.094256,0.002761,0.484167,0.162688,0.91327,0.0,0.017998,0.68768,2.271707,0.238419,0.133169,0.136584,0.081455,0.004144,0.710117,1.0,2.6142857142857143,6.0,2.0,2.0,4.642857142857143,0.5357142857142857,3.0,1.0
226,PHASE 3 — emotion sharpening (v2 fix),21.415059328079224,5.055843,0.23073,0.116984,0.169848,0.094228,0.002807,0.482013,0.161126,0.913527,0.0,0.01452,0.683895,2.13819,0.23868,0.132408,0.136526,0.080795,0.004491,0.464032,1.0,2.605714285714286,6.0,2.0,2.0,4.6571428571428575,0.5382857142857143,3.0,1.0
227,PHASE 3 — emotion sharpening (v2 fix),24.044169425964355,5.052456,0.231095,0.117222,0.169738,0.094344,0.002884,0.477525,0.159664,0.912988,0.0,0.021442,0.685267,2.14264,0.239852,0.134816,0.137744,0.081872,0.004456,0.441988,1.0,2.5971428571428574,6.0,2.0,2.0,4.671428571428572,0.5408571428571428,3.0,1.0
228,PHASE 3 — emotion sharpening (v2 fix),24.91644525527954,5.057211,0.231108,0.117021,0.170494,0.094274,0.002821,0.482982,0.161058,0.912579,0.0,0.017945,0.682394,2.105638,0.235801,0.127949,0.135008,0.081372,0.005816,0.440371,1.0,2.588571428571429,6.0,2.0,2.0,4.685714285714286,0.5434285714285714,3.0,1.0
229,PHASE 3 — emotion sharpening (v2 fix),25.34495711326599,5.057699,0.230551,0.116551,0.169841,0.094217,0.002824,0.488158,0.165609,0.914163,0.0,0.021459,0.687477,2.160783,0.238547,0.132749,0.138551,0.081441,0.004288,0.486257,1.0,2.58,6.0,2.0,2.0,4.7,0.546,3.0,1.0
230,PHASE 3 — emotion sharpening (v2 fix),22.360744953155518,5.05601,0.231012,0.116885,0.169834,0.094483,0.002784,0.483339,0.161083,0.913991,0.0,0.00641,0.68918,2.151383,0.240374,0.132462,0.138451,0.081297,0.004135,0.46587,1.0,2.5714285714285716,6.0,2.0,2.0,4.714285714285714,0.5485714285714285,3.0,1.0
231,PHASE 3 — emotion sharpening (v2 fix),23.00539779663086,5.050121,0.230872,0.116622,0.169872,0.094232,0.002779,0.476099,0.159838,0.913985,0.0,0.013985,0.687224,2.177508,0.238494,0.132979,0.140113,0.081587,0.005483,0.490881,1.0,2.562857142857143,6.0,2.0,2.0,4.728571428571429,0.5511428571428572,3.0,1.0
232,PHASE 3 — emotion sharpening (v2 fix),23.21535062789917,5.05887,0.231044,0.116576,0.17034,0.094339,0.002808,0.484218,0.162686,0.914471,0.0,0.00928,0.686116,2.113561,0.238895,0.131333,0.1384,0.080846,0.004828,0.407611,1.0,2.5542857142857147,6.0,2.0,2.0,4.742857142857143,0.5537142857142857,3.0,1.0
233,PHASE 3 — emotion sharpening (v2 fix),25.85903000831604,5.058645,0.23104,0.11656,0.170776,0.094346,0.002813,0.48315,0.162083,0.913955,0.0,0.010551,0.684737,2.139863,0.242367,0.136947,0.14149,0.081876,0.00479,0.383786,1.0,2.545714285714286,6.0,2.0,2.0,4.757142857142857,0.5562857142857143,3.0,1.0
234,PHASE 3 — emotion sharpening (v2 fix),25.451536655426025,5.056496,0.23099,0.116376,0.17098,0.09419,0.002753,0.478287,0.161853,0.914334,0.0,0.026806,0.684672,2.146085,0.241144,0.137788,0.141504,0.081886,0.005656,0.391706,1.0,2.5371428571428574,6.0,2.0,2.0,4.771428571428571,0.5588571428571428,3.0,1.0
235,PHASE 3 — emotion sharpening (v2 fix),24.58514404296875,5.059877,0.230806,0.116156,0.170787,0.094318,0.003094,0.482623,0.160694,0.914944,0.0,0.011571,0.685973,2.308842,0.239933,0.13328,0.138485,0.081078,0.005124,0.744544,1.0,2.528571428571429,6.0,2.0,2.0,4.785714285714286,0.5614285714285714,3.0,1.0
236,PHASE 3 — emotion sharpening (v2 fix),22.190674543380737,5.060106,0.230794,0.116328,0.170902,0.094291,0.003077,0.484203,0.163283,0.914666,0.0,0.009432,0.6841,2.177291,0.240912,0.134981,0.142252,0.081203,0.005048,0.461138,1.0,2.5200000000000005,6.0,2.0,2.0,4.8,0.564,3.0,1.0
237,PHASE 3 — emotion sharpening (v2 fix),22.68574619293213,5.061318,0.231063,0.116223,0.171776,0.094128,0.002787,0.486575,0.162875,0.91352,0.0,0.010085,0.678615,2.169996,0.238454,0.132649,0.137427,0.081347,0.00502,0.519638,1.0,2.5114285714285716,6.0,2.0,2.0,4.814285714285714,0.5665714285714285,3.0,1.0
238,PHASE 3 — emotion sharpening (v2 fix),22.473252058029175,5.059974,0.230686,0.116038,0.171034,0.0942,0.002886,0.488908,0.161865,0.914576,0.0,0.009083,0.683589,2.159278,0.240918,0.134623,0.140861,0.081857,0.004148,0.453551,1.0,2.502857142857143,6.0,2.0,2.0,4.828571428571428,0.5691428571428572,3.0,1.0
239,PHASE 3 — emotion sharpening (v2 fix),24.49919891357422,5.091522,0.231204,0.116764,0.171568,0.094567,0.0082,0.487317,0.163609,0.914814,0.0,0.011184,0.689461,2.124512,0.243694,0.139133,0.142047,0.081434,0.004611,0.351441,1.0,2.4942857142857147,6.0,2.0,2.0,4.8428571428571425,0.5717142857142857,3.0,1.0
240,PHASE 3 — emotion sharpening (v2 fix),24.223970651626587,5.05817,0.231239,0.116601,0.171815,0.094349,0.002728,0.485074,0.160333,0.912922,0.0,0.032085,0.682001,2.108445,0.2388,0.132918,0.139194,0.080934,0.004041,0.404608,1.0,2.485714285714286,6.0,2.0,2.0,4.857142857142857,0.5742857142857143,3.0,1.0
241,PHASE 3 — emotion sharpening (v2 fix),24.267147541046143,5.06132,0.231223,0.116326,0.171797,0.094321,0.002998,0.48523,0.16187,0.913985,0.0,0.01307,0.68271,2.062386,0.240008,0.135106,0.14094,0.081655,0.003774,0.295228,1.0,2.4771428571428573,6.0,2.0,2.0,4.871428571428572,0.5768571428571428,3.0,1.0
242,PHASE 3 — emotion sharpening (v2 fix),21.758177518844604,5.063019,0.230956,0.11618,0.172233,0.094383,0.002755,0.486656,0.160686,0.914307,0.0,0.017572,0.683402,2.054279,0.240696,0.134764,0.140164,0.081389,0.004114,0.287719,1.0,2.468571428571429,6.0,2.0,2.0,4.885714285714286,0.5794285714285714,3.0,1.0
243,PHASE 3 — emotion sharpening (v2 fix),22.911779165267944,5.060694,0.231295,0.116115,0.172102,0.094411,0.002875,0.484747,0.162526,0.913945,0.0,0.014749,0.683796,2.042444,0.23831,0.130496,0.137313,0.081252,0.004821,0.31823,1.0,2.4600000000000004,6.0,2.0,2.0,4.9,0.582,3.0,1.0
244,PHASE 3 — emotion sharpening (v2 fix),24.469806909561157,5.058351,0.23107,0.116377,0.17148,0.094324,0.003039,0.486114,0.161631,0.914173,0.0,0.008033,0.687051,2.187003,0.242053,0.136182,0.142091,0.081762,0.00474,0.482228,1.0,2.451428571428572,6.0,2.0,2.0,4.914285714285715,0.5845714285714285,3.0,1.0
245,PHASE 3 — emotion sharpening (v2 fix),26.7068452835083,5.057535,0.231268,0.116378,0.172335,0.094487,0.00268,0.482463,0.159314,0.913453,0.0,0.009787,0.682668,2.17648,0.238649,0.130728,0.140227,0.081703,0.004281,0.521459,1.0,2.442857142857143,6.0,2.0,2.0,4.928571428571429,0.5871428571428572,3.0,1.0
246,PHASE 3 — emotion sharpening (v2 fix),26.71900987625122,5.052938,0.231206,0.116446,0.171916,0.094324,0.002651,0.476788,0.159301,0.914268,0.0,0.014087,0.68506,2.081342,0.238998,0.132366,0.138104,0.08112,0.004448,0.376394,1.0,2.4342857142857146,6.0,2.0,2.0,4.942857142857143,0.5897142857142856,3.0,1.0
247,PHASE 3 — emotion sharpening (v2 fix),26.871156215667725,5.058254,0.231587,0.116522,0.172035,0.094468,0.002679,0.48612,0.161494,0.9137,0.0,0.00923,0.688816,2.142975,0.241745,0.135755,0.142626,0.082296,0.004373,0.410341,1.0,2.425714285714286,6.0,2.0,2.0,4.957142857142857,0.5922857142857143,3.0,1.0
248,PHASE 3 — emotion sharpening (v2 fix),24.36604928970337,5.059112,0.231256,0.116111,0.172531,0.094446,0.003039,0.484184,0.159274,0.913568,0.0,0.010272,0.686944,2.156278,0.237661,0.13092,0.139504,0.081424,0.004648,0.499274,1.0,2.4171428571428573,6.0,2.0,2.0,4.9714285714285715,0.5948571428571429,3.0,1.0
249,PHASE 3 — emotion sharpening (v2 fix),24.314544916152954,5.057976,0.230955,0.115905,0.17245,0.094393,0.002726,0.488564,0.160175,0.913645,0.0,0.016822,0.684207,2.208872,0.241473,0.13553,0.142804,0.081296,0.004239,0.528359,1.0,2.408571428571429,6.0,2.0,2.0,4.985714285714286,0.5974285714285714,3.0,1.0
250,PHASE 3 — emotion sharpening (v2 fix),24.414056539535522,5.057103,0.231088,0.116239,0.172629,0.094404,0.003385,0.483528,0.158059,0.912797,0.0,0.007812,0.684092,2.294607,0.240437,0.133937,0.141556,0.081892,0.005509,0.681694,1.0,2.4000000000000004,6.0,2.0,2.0,5.0,0.6,3.0,1.0
